{
    "name": "quantity",
    "roles": [
        "quantity"
    ],
    "lookups": [
        "keywords"
    ],
    "keywords": [
        {
            "keyword": "1",
            "synonyms": [
                "1",
                "one"
            ]
        },
        {
            "keyword": "2",
            "synonyms": [
                "2",
                "two"
            ]
        },
        {
            "keyword": "3",
            "synonyms": [
                "3",
                "three"
            ]
        },
        {
            "keyword": "4",
            "synonyms": [
                "4",
                "four"
            ]
        },
        {
            "keyword": "5",
            "synonyms": [
                "5",
                "five"
            ]
        },
        {
            "keyword": "6",
            "synonyms": [
                "6",
                "six"
            ]
        },
        {
            "keyword": "7",
            "synonyms": [
                "7",
                "seven"
            ]
        },
        {
            "keyword": "8",
            "synonyms": [
                "8",
                "eight"
            ]
        },
        {
            "keyword": "9",
            "synonyms": [
                "9",
                "nine"
            ]
        },
        {
            "keyword": "10",
            "synonyms": [
                "10",
                "ten"
            ]
        }
    ]
}
