{
    "utterances": [
        {
            "text": "Add 3 apples to my basket",
            "entities": [
                {
                    "entity": "item_type:item_type",
                    "start": 6,
                    "end": 12,
                    "body": "apples",
                    "entities": []
                },
                {
                    "entity": "wit$number:quantity",
                    "start": 4,
                    "end": 5,
                    "body": "3",
                    "entities": []
                }
            ],
            "traits": [],
            "intent": "add_item"
        },
        {
            "text": "Add 4 oranges to my cart",
            "entities": [
                {
                    "entity": "wit$number:quantity",
                    "start": 4,
                    "end": 5,
                    "body": "4",
                    "entities": []
                }
            ],
            "traits": [],
            "intent": "add_item"
        },
        {
            "text": "CS571 is fun!",
            "entities": [],
            "traits": [],
            "intent": "fallback"
        },
        {
            "text": "Can you add 2 coconuts to my basket?",
            "entities": [
                {
                    "entity": "item_type:item_type",
                    "start": 14,
                    "end": 22,
                    "body": "coconuts",
                    "entities": []
                },
                {
                    "entity": "wit$number:quantity",
                    "start": 12,
                    "end": 13,
                    "body": "2",
                    "entities": []
                }
            ],
            "traits": [],
            "intent": "add_item"
        },
        {
            "text": "Do you have oranges?",
            "entities": [],
            "traits": [],
            "intent": "get_items"
        },
        {
            "text": "Finish my order",
            "entities": [],
            "traits": [],
            "intent": "checkout"
        },
        {
            "text": "How much is a dragonfruit?",
            "entities": [],
            "traits": [],
            "intent": "get_price"
        },
        {
            "text": "How much is an apple",
            "entities": [
                {
                    "entity": "item_type:item_type",
                    "start": 15,
                    "end": 20,
                    "body": "apple",
                    "entities": []
                }
            ],
            "traits": [],
            "intent": "get_price"
        },
        {
            "text": "I am done",
            "entities": [],
            "traits": [],
            "intent": "checkout"
        },
        {
            "text": "I want to checkout",
            "entities": [],
            "traits": [],
            "intent": "checkout"
        },
        {
            "text": "I'm done shopping",
            "entities": [],
            "traits": [],
            "intent": "checkout"
        },
        {
            "text": "I'm finished",
            "entities": [],
            "traits": [],
            "intent": "checkout"
        },
        {
            "text": "Put donuts in my cart",
            "entities": [
                {
                    "entity": "item_type:item_type",
                    "start": 4,
                    "end": 10,
                    "body": "donuts",
                    "entities": []
                }
            ],
            "traits": [],
            "intent": "add_item"
        },
        {
            "text": "Remove 3 apples from my basket",
            "entities": [
                {
                    "entity": "item_type:item_type",
                    "start": 9,
                    "end": 15,
                    "body": "apples",
                    "entities": []
                },
                {
                    "entity": "wit$number:quantity",
                    "start": 7,
                    "end": 8,
                    "body": "3",
                    "entities": []
                }
            ],
            "traits": [],
            "intent": "remove_item"
        },
        {
            "text": "Remove 5 apples",
            "entities": [
                {
                    "entity": "item_type:item_type",
                    "start": 9,
                    "end": 15,
                    "body": "apples",
                    "entities": []
                },
                {
                    "entity": "wit$number:quantity",
                    "start": 7,
                    "end": 8,
                    "body": "5",
                    "entities": []
                }
            ],
            "traits": [],
            "intent": "remove_item"
        },
        {
            "text": "Show me my cart",
            "entities": [],
            "traits": [],
            "intent": "view_cart"
        },
        {
            "text": "Show me what is available",
            "entities": [],
            "traits": [],
            "intent": "get_items"
        },
        {
            "text": "The Guinea fowl flies through the air with all the grace of a turtle.",
            "entities": [],
            "traits": [],
            "intent": "fallback"
        },
        {
            "text": "What can I add to my cart?",
            "entities": [],
            "traits": [],
            "intent": "get_items"
        },
        {
            "text": "What items are available?",
            "entities": [],
            "traits": [],
            "intent": "get_items"
        },
        {
            "text": "What items are there",
            "entities": [],
            "traits": [],
            "intent": "get_items"
        },
        {
            "text": "What\u2019s the price of a unicorn?",
            "entities": [],
            "traits": [],
            "intent": "get_price"
        },
        {
            "text": "add 3 dragonfruit to my cart",
            "entities": [
                {
                    "entity": "wit$number:quantity",
                    "start": 4,
                    "end": 5,
                    "body": "3",
                    "entities": []
                }
            ],
            "traits": [],
            "intent": "add_item"
        },
        {
            "text": "add 5 donuts to cart",
            "entities": [
                {
                    "entity": "item_type:item_type",
                    "start": 6,
                    "end": 12,
                    "body": "donuts",
                    "entities": []
                },
                {
                    "entity": "wit$number:quantity",
                    "start": 4,
                    "end": 5,
                    "body": "5",
                    "entities": []
                }
            ],
            "traits": [],
            "intent": "add_item"
        },
        {
            "text": "add 6 coconuts",
            "entities": [
                {
                    "entity": "item_type:item_type",
                    "start": 6,
                    "end": 14,
                    "body": "coconuts",
                    "entities": []
                },
                {
                    "entity": "wit$number:quantity",
                    "start": 4,
                    "end": 5,
                    "body": "6",
                    "entities": []
                }
            ],
            "traits": [],
            "intent": "add_item"
        },
        {
            "text": "add an apple to my basket",
            "entities": [
                {
                    "entity": "item_type:item_type",
                    "start": 7,
                    "end": 12,
                    "body": "apple",
                    "entities": []
                }
            ],
            "traits": [],
            "intent": "add_item"
        },
        {
            "text": "add apple",
            "entities": [
                {
                    "entity": "item_type:item_type",
                    "start": 4,
                    "end": 9,
                    "body": "apple",
                    "entities": []
                }
            ],
            "traits": [],
            "intent": "add_item"
        },
        {
            "text": "add donut",
            "entities": [
                {
                    "entity": "item_type:item_type",
                    "start": 4,
                    "end": 9,
                    "body": "donut",
                    "entities": []
                }
            ],
            "traits": [],
            "intent": "add_item"
        },
        {
            "text": "aksdfjasd;lkf",
            "entities": [],
            "traits": [],
            "intent": "fallback"
        },
        {
            "text": "alsdkfja",
            "entities": [],
            "traits": [],
            "intent": "fallback"
        },
        {
            "text": "asdfiauerklnvmansedrkjalghjaldkjhf",
            "entities": [],
            "traits": [],
            "intent": "fallback"
        },
        {
            "text": "checkout",
            "entities": [],
            "traits": [],
            "intent": "checkout"
        },
        {
            "text": "eggs",
            "entities": [],
            "traits": [],
            "intent": "fallback"
        },
        {
            "text": "good luck girl",
            "entities": [],
            "traits": [],
            "intent": "fallback"
        },
        {
            "text": "help",
            "entities": [],
            "traits": [],
            "intent": "get_help"
        },
        {
            "text": "help me",
            "entities": [],
            "traits": [],
            "intent": "get_help"
        },
        {
            "text": "how much apple cost",
            "entities": [
                {
                    "entity": "item_type:item_type",
                    "start": 9,
                    "end": 14,
                    "body": "apple",
                    "entities": []
                }
            ],
            "traits": [],
            "intent": "get_price"
        },
        {
            "text": "how much coconut cost",
            "entities": [
                {
                    "entity": "item_type:item_type",
                    "start": 9,
                    "end": 16,
                    "body": "coconut",
                    "entities": []
                }
            ],
            "traits": [],
            "intent": "get_price"
        },
        {
            "text": "how much do bagels cost",
            "entities": [
                {
                    "entity": "item_type:item_type",
                    "start": 12,
                    "end": 18,
                    "body": "bagels",
                    "entities": []
                }
            ],
            "traits": [],
            "intent": "get_price"
        },
        {
            "text": "how much do coconuts cost",
            "entities": [
                {
                    "entity": "item_type:item_type",
                    "start": 12,
                    "end": 20,
                    "body": "coconuts",
                    "entities": []
                }
            ],
            "traits": [],
            "intent": "get_price"
        },
        {
            "text": "how much do donuts cost",
            "entities": [
                {
                    "entity": "item_type:item_type",
                    "start": 12,
                    "end": 18,
                    "body": "donuts",
                    "entities": []
                }
            ],
            "traits": [],
            "intent": "get_price"
        },
        {
            "text": "how much do eggs cost",
            "entities": [
                {
                    "entity": "item_type:item_type",
                    "start": 12,
                    "end": 16,
                    "body": "eggs",
                    "entities": []
                }
            ],
            "traits": [],
            "intent": "get_price"
        },
        {
            "text": "how much does a coconut cost",
            "entities": [
                {
                    "entity": "item_type:item_type",
                    "start": 16,
                    "end": 23,
                    "body": "coconut",
                    "entities": []
                }
            ],
            "traits": [],
            "intent": "get_price"
        },
        {
            "text": "how much does an apple cost",
            "entities": [
                {
                    "entity": "item_type:item_type",
                    "start": 17,
                    "end": 22,
                    "body": "apple",
                    "entities": []
                }
            ],
            "traits": [],
            "intent": "get_price"
        },
        {
            "text": "how much does apple cost",
            "entities": [
                {
                    "entity": "item_type:item_type",
                    "start": 14,
                    "end": 19,
                    "body": "apple",
                    "entities": []
                }
            ],
            "traits": [],
            "intent": "get_price"
        },
        {
            "text": "how much does dragonfruit cost",
            "entities": [],
            "traits": [],
            "intent": "get_price"
        },
        {
            "text": "how much does x cost",
            "entities": [],
            "traits": [],
            "intent": "get_price"
        },
        {
            "text": "how much is a bagel",
            "entities": [
                {
                    "entity": "item_type:item_type",
                    "start": 14,
                    "end": 19,
                    "body": "bagel",
                    "entities": []
                }
            ],
            "traits": [],
            "intent": "get_price"
        },
        {
            "text": "how much is a donut",
            "entities": [],
            "traits": [],
            "intent": "get_price"
        },
        {
            "text": "how much is an egg",
            "entities": [
                {
                    "entity": "item_type:item_type",
                    "start": 15,
                    "end": 18,
                    "body": "egg",
                    "entities": []
                }
            ],
            "traits": [],
            "intent": "get_price"
        },
        {
            "text": "how much is apple",
            "entities": [
                {
                    "entity": "item_type:item_type",
                    "start": 12,
                    "end": 17,
                    "body": "apple",
                    "entities": []
                }
            ],
            "traits": [],
            "intent": "get_price"
        },
        {
            "text": "how much is coconut",
            "entities": [
                {
                    "entity": "item_type:item_type",
                    "start": 12,
                    "end": 19,
                    "body": "coconut",
                    "entities": []
                }
            ],
            "traits": [],
            "intent": "get_price"
        },
        {
            "text": "how much is egg",
            "entities": [
                {
                    "entity": "item_type:item_type",
                    "start": 12,
                    "end": 15,
                    "body": "egg",
                    "entities": []
                }
            ],
            "traits": [],
            "intent": "get_price"
        },
        {
            "text": "how much is orange",
            "entities": [],
            "traits": [],
            "intent": "get_price"
        },
        {
            "text": "i like trains that go fast",
            "entities": [],
            "traits": [],
            "intent": "fallback"
        },
        {
            "text": "im so sleepy",
            "entities": [],
            "traits": [],
            "intent": "fallback"
        },
        {
            "text": "meo wmeow meow",
            "entities": [],
            "traits": [],
            "intent": "fallback"
        },
        {
            "text": "meow meow meow",
            "entities": [],
            "traits": [],
            "intent": "fallback"
        },
        {
            "text": "mwelrhwelr",
            "entities": [],
            "traits": [],
            "intent": "fallback"
        },
        {
            "text": "price of apple",
            "entities": [
                {
                    "entity": "item_type:item_type",
                    "start": 9,
                    "end": 14,
                    "body": "apple",
                    "entities": []
                }
            ],
            "traits": [],
            "intent": "get_price"
        },
        {
            "text": "price of bagel",
            "entities": [
                {
                    "entity": "item_type:item_type",
                    "start": 9,
                    "end": 14,
                    "body": "bagel",
                    "entities": []
                }
            ],
            "traits": [],
            "intent": "get_price"
        },
        {
            "text": "price of coconut",
            "entities": [
                {
                    "entity": "item_type:item_type",
                    "start": 9,
                    "end": 16,
                    "body": "coconut",
                    "entities": []
                }
            ],
            "traits": [],
            "intent": "get_price"
        },
        {
            "text": "price of donuts",
            "entities": [
                {
                    "entity": "item_type:item_type",
                    "start": 9,
                    "end": 15,
                    "body": "donuts",
                    "entities": []
                }
            ],
            "traits": [],
            "intent": "get_price"
        },
        {
            "text": "put 4 donuts in my cart",
            "entities": [
                {
                    "entity": "item_type:item_type",
                    "start": 6,
                    "end": 12,
                    "body": "donuts",
                    "entities": []
                },
                {
                    "entity": "wit$number:quantity",
                    "start": 4,
                    "end": 5,
                    "body": "4",
                    "entities": []
                }
            ],
            "traits": [],
            "intent": "add_item"
        },
        {
            "text": "remove 4 coconuts from my cart",
            "entities": [
                {
                    "entity": "item_type:item_type",
                    "start": 9,
                    "end": 17,
                    "body": "coconuts",
                    "entities": []
                },
                {
                    "entity": "wit$number:quantity",
                    "start": 7,
                    "end": 8,
                    "body": "4",
                    "entities": []
                }
            ],
            "traits": [],
            "intent": "remove_item"
        },
        {
            "text": "remove 4 donuts from cart",
            "entities": [
                {
                    "entity": "item_type:item_type",
                    "start": 9,
                    "end": 15,
                    "body": "donuts",
                    "entities": []
                },
                {
                    "entity": "wit$number:quantity",
                    "start": 7,
                    "end": 8,
                    "body": "4",
                    "entities": []
                }
            ],
            "traits": [],
            "intent": "remove_item"
        },
        {
            "text": "remove 4 items from my cart",
            "entities": [
                {
                    "entity": "wit$number:quantity",
                    "start": 6,
                    "end": 8,
                    "body": " 4",
                    "entities": []
                }
            ],
            "traits": [],
            "intent": "get_items"
        },
        {
            "text": "remove 5 dragonfruits from my cart",
            "entities": [
                {
                    "entity": "wit$number:quantity",
                    "start": 7,
                    "end": 9,
                    "body": "5 ",
                    "entities": []
                }
            ],
            "traits": [],
            "intent": "remove_item"
        },
        {
            "text": "remove 6 coconuts",
            "entities": [
                {
                    "entity": "item_type:item_type",
                    "start": 9,
                    "end": 17,
                    "body": "coconuts",
                    "entities": []
                },
                {
                    "entity": "wit$number:quantity",
                    "start": 6,
                    "end": 9,
                    "body": " 6 ",
                    "entities": []
                }
            ],
            "traits": [],
            "intent": "remove_item"
        },
        {
            "text": "remove bagel from my basket",
            "entities": [
                {
                    "entity": "item_type:item_type",
                    "start": 7,
                    "end": 12,
                    "body": "bagel",
                    "entities": []
                }
            ],
            "traits": [],
            "intent": "remove_item"
        },
        {
            "text": "show my cart",
            "entities": [],
            "traits": [],
            "intent": "view_cart"
        },
        {
            "text": "take out 6 donuts",
            "entities": [
                {
                    "entity": "item_type:item_type",
                    "start": 11,
                    "end": 17,
                    "body": "donuts",
                    "entities": []
                },
                {
                    "entity": "wit$number:quantity",
                    "start": 9,
                    "end": 11,
                    "body": "6 ",
                    "entities": []
                }
            ],
            "traits": [],
            "intent": "remove_item"
        },
        {
            "text": "take out 9 apples",
            "entities": [
                {
                    "entity": "item_type:item_type",
                    "start": 11,
                    "end": 17,
                    "body": "apples",
                    "entities": []
                },
                {
                    "entity": "wit$number:quantity",
                    "start": 9,
                    "end": 10,
                    "body": "9",
                    "entities": []
                }
            ],
            "traits": [],
            "intent": "remove_item"
        },
        {
            "text": "tell me what is in my cart",
            "entities": [],
            "traits": [],
            "intent": "view_cart"
        },
        {
            "text": "view cart",
            "entities": [],
            "traits": [],
            "intent": "view_cart"
        },
        {
            "text": "what can I buy",
            "entities": [],
            "traits": [],
            "intent": "get_items"
        },
        {
            "text": "what can i do",
            "entities": [],
            "traits": [],
            "intent": "get_help"
        },
        {
            "text": "what do I have",
            "entities": [],
            "traits": [],
            "intent": "view_cart"
        },
        {
            "text": "what does an apple cost",
            "entities": [
                {
                    "entity": "item_type:item_type",
                    "start": 13,
                    "end": 18,
                    "body": "apple",
                    "entities": []
                }
            ],
            "traits": [],
            "intent": "get_price"
        },
        {
            "text": "what does this do",
            "entities": [],
            "traits": [],
            "intent": "get_help"
        },
        {
            "text": "what is available to purchase?",
            "entities": [],
            "traits": [],
            "intent": "get_items"
        },
        {
            "text": "what is happening",
            "entities": [],
            "traits": [],
            "intent": "get_help"
        },
        {
            "text": "what is the cost of a coconut",
            "entities": [
                {
                    "entity": "item_type:item_type",
                    "start": 22,
                    "end": 29,
                    "body": "coconut",
                    "entities": []
                }
            ],
            "traits": [],
            "intent": "get_price"
        },
        {
            "text": "what is the cost of a donut",
            "entities": [],
            "traits": [],
            "intent": "get_price"
        },
        {
            "text": "what is the price of a bagel",
            "entities": [
                {
                    "entity": "item_type:item_type",
                    "start": 23,
                    "end": 28,
                    "body": "bagel",
                    "entities": []
                }
            ],
            "traits": [],
            "intent": "get_price"
        },
        {
            "text": "what is the price of a coconut",
            "entities": [
                {
                    "entity": "item_type:item_type",
                    "start": 23,
                    "end": 30,
                    "body": "coconut",
                    "entities": []
                }
            ],
            "traits": [],
            "intent": "get_price"
        },
        {
            "text": "what is this",
            "entities": [],
            "traits": [],
            "intent": "get_help"
        },
        {
            "text": "what items are there",
            "entities": [],
            "traits": [],
            "intent": "get_items"
        },
        {
            "text": "what items can i buy",
            "entities": [],
            "traits": [],
            "intent": "get_items"
        },
        {
            "text": "what's in my basket",
            "entities": [],
            "traits": [],
            "intent": "view_cart"
        }
    ]
}
