{
    "utterances": [
        {
            "text": "Are there any active chatrooms right now?",
            "entities": [],
            "traits": [],
            "intent": "get_chatrooms"
        },
        {
            "text": "Can I register",
            "entities": [],
            "traits": [],
            "intent": "register"
        },
        {
            "text": "I don't know what to do",
            "entities": [],
            "traits": [],
            "intent": "get_help"
        },
        {
            "text": "I need help",
            "entities": [],
            "traits": [],
            "intent": "get_help"
        },
        {
            "text": "I want an account",
            "entities": [],
            "traits": [],
            "intent": "register"
        },
        {
            "text": "I want to register",
            "entities": [],
            "traits": [],
            "intent": "register"
        },
        {
            "text": "I'm confused",
            "entities": [],
            "traits": [],
            "intent": "get_help"
        },
        {
            "text": "Sign me up",
            "entities": [],
            "traits": [],
            "intent": "register"
        },
        {
            "text": "Start registration",
            "entities": [],
            "traits": [],
            "intent": "register"
        },
        {
            "text": "What account am i on",
            "entities": [],
            "traits": [],
            "intent": "whoami"
        },
        {
            "text": "What am I logged in as",
            "entities": [],
            "traits": [],
            "intent": "whoami"
        },
        {
            "text": "am i logged in",
            "entities": [],
            "traits": [],
            "intent": "whoami"
        },
        {
            "text": "can i make an account",
            "entities": [],
            "traits": [],
            "intent": "register"
        },
        {
            "text": "can you assist me",
            "entities": [],
            "traits": [],
            "intent": "get_help"
        },
        {
            "text": "can you show me a list of chatrooms",
            "entities": [],
            "traits": [],
            "intent": "get_chatrooms"
        },
        {
            "text": "create a post",
            "entities": [],
            "traits": [],
            "intent": "create_message"
        },
        {
            "text": "create a post in witte",
            "entities": [
                {
                    "entity": "chatroom:chatroom",
                    "start": 17,
                    "end": 22,
                    "body": "witte",
                    "entities": []
                }
            ],
            "traits": [],
            "intent": "create_message"
        },
        {
            "text": "get 2 messages from red gym",
            "entities": [
                {
                    "entity": "quantity:quantity",
                    "start": 4,
                    "end": 5,
                    "body": "2",
                    "entities": []
                },
                {
                    "entity": "chatroom:chatroom",
                    "start": 20,
                    "end": 27,
                    "body": "red gym",
                    "entities": []
                }
            ],
            "traits": [],
            "intent": "get_messages"
        },
        {
            "text": "get 3 latest posts in witte",
            "entities": [
                {
                    "entity": "quantity:quantity",
                    "start": 4,
                    "end": 5,
                    "body": "3",
                    "entities": []
                },
                {
                    "entity": "chatroom:chatroom",
                    "start": 22,
                    "end": 27,
                    "body": "witte",
                    "entities": []
                }
            ],
            "traits": [],
            "intent": "get_messages"
        },
        {
            "text": "get chatrooms",
            "entities": [],
            "traits": [],
            "intent": "get_help"
        },
        {
            "text": "get latest post",
            "entities": [],
            "traits": [],
            "intent": "get_messages"
        },
        {
            "text": "get most recent message",
            "entities": [],
            "traits": [],
            "intent": "get_messages"
        },
        {
            "text": "get the latest message",
            "entities": [],
            "traits": [],
            "intent": "get_messages"
        },
        {
            "text": "help",
            "entities": [],
            "traits": [],
            "intent": "get_help"
        },
        {
            "text": "i want to login",
            "entities": [],
            "traits": [],
            "intent": "login"
        },
        {
            "text": "i want to logout",
            "entities": [],
            "traits": [],
            "intent": "logout"
        },
        {
            "text": "let me log in",
            "entities": [],
            "traits": [],
            "intent": "login"
        },
        {
            "text": "let me login",
            "entities": [],
            "traits": [],
            "intent": "login"
        },
        {
            "text": "log in",
            "entities": [],
            "traits": [],
            "intent": "login"
        },
        {
            "text": "log me in",
            "entities": [],
            "traits": [],
            "intent": "login"
        },
        {
            "text": "log me out",
            "entities": [],
            "traits": [],
            "intent": "logout"
        },
        {
            "text": "log out",
            "entities": [],
            "traits": [],
            "intent": "logout"
        },
        {
            "text": "logging out",
            "entities": [],
            "traits": [],
            "intent": "logout"
        },
        {
            "text": "login",
            "entities": [],
            "traits": [],
            "intent": "login"
        },
        {
            "text": "logout",
            "entities": [],
            "traits": [],
            "intent": "logout"
        },
        {
            "text": "logout of my account",
            "entities": [],
            "traits": [],
            "intent": "logout"
        },
        {
            "text": "make a post in babcock banter",
            "entities": [
                {
                    "entity": "chatroom:chatroom",
                    "start": 15,
                    "end": 29,
                    "body": "babcock banter",
                    "entities": []
                }
            ],
            "traits": [],
            "intent": "create_message"
        },
        {
            "text": "make an account",
            "entities": [],
            "traits": [],
            "intent": "register"
        },
        {
            "text": "post a message in bascom",
            "entities": [
                {
                    "entity": "chatroom:chatroom",
                    "start": 18,
                    "end": 24,
                    "body": "bascom",
                    "entities": []
                }
            ],
            "traits": [],
            "intent": "create_message"
        },
        {
            "text": "post to humanities hubbub",
            "entities": [
                {
                    "entity": "chatroom:chatroom",
                    "start": 8,
                    "end": 25,
                    "body": "humanities hubbub",
                    "entities": []
                }
            ],
            "traits": [],
            "intent": "create_message"
        },
        {
            "text": "send a post to mem u",
            "entities": [
                {
                    "entity": "chatroom:chatroom",
                    "start": 15,
                    "end": 20,
                    "body": "mem u",
                    "entities": []
                }
            ],
            "traits": [],
            "intent": "create_message"
        },
        {
            "text": "send message to red gym",
            "entities": [
                {
                    "entity": "chatroom:chatroom",
                    "start": 16,
                    "end": 23,
                    "body": "red gym",
                    "entities": []
                }
            ],
            "traits": [],
            "intent": "create_message"
        },
        {
            "text": "what are the 4 most recent posts in bascom",
            "entities": [
                {
                    "entity": "quantity:quantity",
                    "start": 13,
                    "end": 14,
                    "body": "4",
                    "entities": []
                },
                {
                    "entity": "chatroom:chatroom",
                    "start": 36,
                    "end": 42,
                    "body": "bascom",
                    "entities": []
                }
            ],
            "traits": [],
            "intent": "get_messages"
        },
        {
            "text": "what are the two most recent messages",
            "entities": [
                {
                    "entity": "quantity:quantity",
                    "start": 13,
                    "end": 16,
                    "body": "two",
                    "entities": []
                }
            ],
            "traits": [],
            "intent": "get_messages"
        },
        {
            "text": "what can i do",
            "entities": [],
            "traits": [],
            "intent": "get_help"
        },
        {
            "text": "what chatrooms are open",
            "entities": [],
            "traits": [],
            "intent": "get_chatrooms"
        },
        {
            "text": "what chatrooms are there",
            "entities": [],
            "traits": [],
            "intent": "get_chatrooms"
        },
        {
            "text": "what chatrooms can i join",
            "entities": [],
            "traits": [],
            "intent": "get_chatrooms"
        },
        {
            "text": "what is my username",
            "entities": [],
            "traits": [],
            "intent": "whoami"
        },
        {
            "text": "what's my username",
            "entities": [],
            "traits": [],
            "intent": "whoami"
        },
        {
            "text": "who am i",
            "entities": [],
            "traits": [],
            "intent": "whoami"
        },
        {
            "text": "who am i logged in as",
            "entities": [],
            "traits": [],
            "intent": "whoami"
        }
    ]
}
